{
  "directions": {
    "right": [
      0.6563112735748291,
      0.7544902563095093,
      -0.0
    ],
    "behind": [
      -0.754490315914154,
      0.6563112735748291,
      0.0
    ],
    "above": [
      0.0,
      0.0,
      1.0
    ],
    "below": [
      -0.0,
      -0.0,
      -1.0
    ],
    "left": [
      -0.6563112735748291,
      -0.7544902563095093,
      0.0
    ],
    "front": [
      0.754490315914154,
      -0.6563112735748291,
      -0.0
    ]
  },
  "image_filename": "CLEVR_shield-fovariant-15_000003.png",
  "relationships": {
    "right": [
      [
        1,
        2,
        3,
        4,
        5,
        6,
        7,
        8,
        9,
        10,
        11
      ],
      [
        2,
        3,
        4,
        5,
        6,
        7,
        8,
        9,
        10,
        11
      ],
      [
        3,
        4,
        5,
        6,
        7,
        8,
        9,
        10,
        11
      ],
      [
        4,
        5,
        6,
        7,
        8,
        9,
        10,
        11
      ],
      [
        5,
        6,
        7,
        8,
        9,
        10,
        11
      ],
      [
        6,
        7,
        8,
        9,
        10,
        11
      ],
      [
        7,
        8,
        9,
        10,
        11
      ],
      [
        8,
        9,
        10,
        11
      ],
      [
        9,
        10,
        11
      ],
      [
        10,
        11
      ],
      [
        11
      ],
      []
    ],
    "behind": [
      [],
      [
        0,
        2,
        4,
        6,
        8,
        10
      ],
      [],
      [
        0,
        2,
        4,
        6,
        8,
        10
      ],
      [],
      [
        0,
        1,
        2,
        3,
        4,
        6,
        8,
        10
      ],
      [
        0
      ],
      [
        0,
        1,
        2,
        4,
        6,
        8,
        10
      ],
      [
        0,
        2,
        4,
        6
      ],
      [
        0,
        1,
        2,
        3,
        4,
        6,
        7,
        8,
        10
      ],
      [
        0,
        2,
        4,
        6
      ],
      [
        0,
        1,
        2,
        3,
        4,
        5,
        6,
        7,
        8,
        10
      ]
    ],
    "front": [
      [
        1,
        3,
        5,
        6,
        7,
        8,
        9,
        10,
        11
      ],
      [
        5,
        7,
        9,
        11
      ],
      [
        1,
        3,
        5,
        7,
        8,
        9,
        10,
        11
      ],
      [
        5,
        9,
        11
      ],
      [
        1,
        3,
        5,
        7,
        8,
        9,
        10,
        11
      ],
      [
        11
      ],
      [
        1,
        3,
        5,
        7,
        8,
        9,
        10,
        11
      ],
      [
        9,
        11
      ],
      [
        1,
        3,
        5,
        7,
        9,
        11
      ],
      [],
      [
        1,
        3,
        5,
        7,
        9,
        11
      ],
      []
    ],
    "left": [
      [],
      [
        0
      ],
      [
        0,
        1
      ],
      [
        0,
        1,
        2
      ],
      [
        0,
        1,
        2,
        3
      ],
      [
        0,
        1,
        2,
        3,
        4
      ],
      [
        0,
        1,
        2,
        3,
        4,
        5
      ],
      [
        0,
        1,
        2,
        3,
        4,
        5,
        6
      ],
      [
        0,
        1,
        2,
        3,
        4,
        5,
        6,
        7
      ],
      [
        0,
        1,
        2,
        3,
        4,
        5,
        6,
        7,
        8
      ],
      [
        0,
        1,
        2,
        3,
        4,
        5,
        6,
        7,
        8,
        9
      ],
      [
        0,
        1,
        2,
        3,
        4,
        5,
        6,
        7,
        8,
        9,
        10
      ]
    ]
  },
  "objects": [
    {
      "rotation": 0.0,
      "3d_coords": [
        -2.950000047683716,
        -2.9200000762939453,
        0.3499999940395355
      ],
      "size": "small",
      "material": "metal",
      "color": "yellow",
      "pixel_coords": [
        49,
        139,
        11.36997127532959
      ],
      "shape": "cube"
    },
    {
      "rotation": 0.0,
      "3d_coords": [
        -2.0899999141693115,
        -2.950000047683716,
        0.3499999940395355
      ],
      "size": "small",
      "material": "rubber",
      "color": "cyan",
      "pixel_coords": [
        65,
        153,
        10.781444549560547
      ],
      "shape": "cylinder"
    },
    {
      "rotation": 0.0,
      "3d_coords": [
        -2.0999999046325684,
        -1.9700000286102295,
        0.3499999940395355
      ],
      "size": "small",
      "material": "metal",
      "color": "yellow",
      "pixel_coords": [
        108,
        139,
        11.354283332824707
      ],
      "shape": "cube"
    },
    {
      "rotation": 0.0,
      "3d_coords": [
        -1.100000023841858,
        -1.9500000476837158,
        0.3499999940395355
      ],
      "size": "small",
      "material": "rubber",
      "color": "cyan",
      "pixel_coords": [
        132,
        155,
        10.701659202575684
      ],
      "shape": "cylinder"
    },
    {
      "rotation": 0.0,
      "3d_coords": [
        -1.059999942779541,
        -0.9599999785423279,
        0.3499999940395355
      ],
      "size": "small",
      "material": "metal",
      "color": "yellow",
      "pixel_coords": [
        174,
        142,
        11.247066497802734
      ],
      "shape": "cube"
    },
    {
      "rotation": 0.0,
      "3d_coords": [
        -0.05999999865889549,
        -1.059999942779541,
        0.3499999940395355
      ],
      "size": "small",
      "material": "rubber",
      "color": "cyan",
      "pixel_coords": [
        198,
        160,
        10.52511215209961
      ],
      "shape": "cylinder"
    },
    {
      "rotation": 0.0,
      "3d_coords": [
        -0.07999999821186066,
        0.07000000029802322,
        0.3499999940395355
      ],
      "size": "small",
      "material": "metal",
      "color": "blue",
      "pixel_coords": [
        240,
        143,
        11.191255569458008
      ],
      "shape": "cube"
    },
    {
      "rotation": 0.0,
      "3d_coords": [
        0.8700000047683716,
        0.029999999329447746,
        0.3499999940395355
      ],
      "size": "small",
      "material": "rubber",
      "color": "cyan",
      "pixel_coords": [
        270,
        160,
        10.537175178527832
      ],
      "shape": "cylinder"
    },
    {
      "rotation": 0.0,
      "3d_coords": [
        0.9700000286102295,
        0.9700000286102295,
        0.3499999940395355
      ],
      "size": "small",
      "material": "metal",
      "color": "blue",
      "pixel_coords": [
        305,
        147,
        11.01384449005127
      ],
      "shape": "cube"
    },
    {
      "rotation": 0.0,
      "3d_coords": [
        1.9500000476837158,
        0.949999988079071,
        0.3499999940395355
      ],
      "size": "small",
      "material": "rubber",
      "color": "cyan",
      "pixel_coords": [
        341,
        165,
        10.351393699645996
      ],
      "shape": "cylinder"
    },
    {
      "rotation": 0.0,
      "3d_coords": [
        1.899999976158142,
        1.9700000286102295,
        0.3499999940395355
      ],
      "size": "small",
      "material": "metal",
      "color": "blue",
      "pixel_coords": [
        371,
        148,
        10.973909378051758
      ],
      "shape": "cube"
    },
    {
      "rotation": 0.0,
      "3d_coords": [
        2.9000000953674316,
        1.9700000286102295,
        0.3499999940395355
      ],
      "size": "small",
      "material": "rubber",
      "color": "cyan",