{
  "split": "shield",
  "directions": {
    "below": [
      -0.0,
      -0.0,
      -1.0
    ],
    "left": [
      -0.6563112735748291,
      -0.7544902563095093,
      0.0
    ],
    "behind": [
      -0.754490315914154,
      0.6563112735748291,
      0.0
    ],
    "right": [
      0.6563112735748291,
      0.7544902563095093,
      -0.0
    ],
    "front": [
      0.754490315914154,
      -0.6563112735748291,
      -0.0
    ],
    "above": [
      0.0,
      0.0,
      1.0
    ]
  },
  "relationships": {
    "front": [
      [
        1,
        3,
        5,
        6,
        7,
        8,
        9,
        10,
        11
      ],
      [
        5,
        7,
        9,
        11
      ],
      [
        1,
        3,
        5,
        7,
        8,
        9,
        10,
        11
      ],
      [
        9,
        11
      ],
      [
        1,
        3,
        5,
        7,
        9,
        10,
        11
      ],
      [
        11
      ],
      [
        1,
        3,
        5,
        7,
        9,
        11
      ],
      [],
      [
        1,
        3,
        5,
        7,
        9,
        11
      ],
      [],
      [
        1,
        3,
        5,
        7,
        9,
        11
      ],
      []
    ],
    "left": [
      [],
      [
        0
      ],
      [
        0,
        1
      ],
      [
        0,
        1,
        2
      ],
      [
        0,
        1,
        2,
        3
      ],
      [
        0,
        1,
        2,
        3,
        4
      ],
      [
        0,
        1,
        2,
        3,
        4,
        5
      ],
      [
        0,
        1,
        2,
        3,
        4,
        5,
        6
      ],
      [
        0,
        1,
        2,
        3,
        4,
        5,
        6,
        7
      ],
      [
        0,
        1,
        2,
        3,
        4,
        5,
        6,
        7,
        8
      ],
      [
        0,
        1,
        2,
        3,
        4,
        5,
        6,
        7,
        8,
        9
      ],
      [
        0,
        1,
        2,
        3,
        4,
        5,
        6,
        7,
        8,
        9,
        10
      ]
    ],
    "behind": [
      [],
      [
        0,
        2,
        4,
        6,
        8,
        10
      ],
      [],
      [
        0,
        2,
        4,
        6,
        8,
        10
      ],
      [],
      [
        0,
        1,
        2,
        4,
        6,
        8,
        10
      ],
      [
        0
      ],
      [
        0,
        1,
        2,
        4,
        6,
        8,
        10
      ],
      [
        0,
        2
      ],
      [
        0,
        1,
        2,
        3,
        4,
        6,
        8,
        10
      ],
      [
        0,
        2,
        4
      ],
      [
        0,
        1,
        2,
        3,
        4,
        5,
        6,
        8,
        10
      ]
    ],
    "right": [
      [
        1,
        2,
        3,
        4,
        5,
        6,
        7,
        8,
        9,
        10,
        11
      ],
      [
        2,
        3,
        4,
        5,
        6,
        7,
        8,
        9,
        10,
        11
      ],
      [
        3,
        4,
        5,
        6,
        7,
        8,
        9,
        10,
        11
      ],
      [
        4,
        5,
        6,
        7,
        8,
        9,
        10,
        11
      ],
      [
        5,
        6,
        7,
        8,
        9,
        10,
        11
      ],
      [
        6,
        7,
        8,
        9,
        10,
        11
      ],
      [
        7,
        8,
        9,
        10,
        11
      ],
      [
        8,
        9,
        10,
        11
      ],
      [
        9,
        10,
        11
      ],
      [
        10,
        11
      ],
      [
        11
      ],
      []
    ]
  },
  "image_filename": "CLEVR_shield_000003.png",
  "objects": [
    {
      "size": "small",
      "pixel_coords": [
        48,
        139,
        11.352639198303223
      ],
      "color": "blue",
      "3d_coords": [
        -2.950000047683716,
        -2.950000047683716,
        0.3499999940395355
      ],
      "material": "rubber",
      "shape": "cylinder",
      "rotation": 0.0
    },
    {
      "size": "small",
      "pixel_coords": [
        67,
        155,
        10.721668243408203
      ],
      "color": "green",
      "3d_coords": [
        -2.0,
        -2.950000047683716,
        0.3499999940395355
      ],
      "material": "metal",
      "shape": "cube",
      "rotation": 0.0
    },
    {
      "size": "small",
      "pixel_coords": [
        109,
        141,
        11.270532608032227
      ],
      "color": "blue",
      "3d_coords": [
        -2.0,
        -2.0,
        0.3499999940395355
      ],
      "material": "rubber",
      "shape": "cylinder",
      "rotation": 0.0
    },
    {
      "size": "small",
      "pixel_coords": [
        133,
        158,
        10.606353759765625
      ],
      "color": "green",
      "3d_coords": [
        -1.0,
        -2.0,
        0.3499999940395355
      ],
      "material": "metal",
      "shape": "cube",
      "rotation": 0.0
    },
    {
      "size": "small",
      "pixel_coords": [
        174,
        143,
        11.18410587310791
      ],
      "color": "blue",
      "3d_coords": [
        -1.0,
        -1.0,
        0.3499999940395355
      ],
      "material": "rubber",
      "shape": "cylinder",
      "rotation": 0.0
    },
    {
      "size": "small",
      "pixel_coords": [
        202,
        160,
        10.519926071166992
      ],
      "color": "green",
      "3d_coords": [
        0.0,
        -1.0,
        0.3499999940395355
      ],
      "material": "metal",
      "shape": "cube",
      "rotation": 0.0
    },
    {
      "size": "small",
      "pixel_coords": [
        240,
        145,
        11.097678184509277
      ],
      "color": "cyan",
      "3d_coords": [
        0.0,
        0.0,
        0.3499999940395355
      ],
      "material": "rubber",
      "shape": "cylinder",
      "rotation": 0.0
    },
    {
      "size": "small",
      "pixel_coords": [
        273,
        163,
        10.433499336242676
      ],
      "color": "green",
      "3d_coords": [
        1.0,
        0.0,
        0.3499999940395355
      ],
      "material": "metal",
      "shape": "cube",
      "rotation": 0.0
    },
    {
      "size": "small",
      "pixel_coords": [
        307,
        148,
        11.011251449584961
      ],
      "color": "cyan",
      "3d_coords": [
        1.0,
        1.0,
        0.3499999940395355
      ],
      "material": "rubber",
      "shape": "cylinder",
      "rotation": 0.0
    },
    {
      "size": "small",
      "pixel_coords": [
        345,
        165,
        10.34707260131836
      ],
      "color": "green",
      "3d_coords": [
        2.0,
        1.0,
        0.3499999940395355
      ],
      "material": "metal",
      "shape": "cube",
      "rotation": 0.0
    },
    {
      "size": "small",
      "pixel_coords": [
        376,
        150,
        10.924824714660645
      ],
      "color": "cyan",
      "3d_coords": [
        2.0,
        2.0,
        0.3499999940395355
      ],
      "material": "rubber",
      "shape": "cylinder",
      "rotation": 0.0
    },
    {
      "size": "small",
      "pixel_coords": [
        416,
        166,
        10.293853759765625
      ],
      "color": "green",
      "3d_coords": [
        2.950000047683716,
        2.0,
        0.3499999940395355
      ],
      "material": "metal",
      "shape": "cube",
      "rotation": 0.0
    }
  ],
  "image_index": 3
}