{
  "directions": {
    "below": [
      -0.0,
      -0.0,
      -1.0
    ],
    "left": [
      -0.6563112735748291,
      -0.7544902563095093,
      0.0
    ],
    "front": [
      0.754490315914154,
      -0.6563112735748291,
      -0.0
    ],
    "behind": [
      -0.754490315914154,
      0.6563112735748291,
      0.0
    ],
    "right": [
      0.6563112735748291,
      0.7544902563095093,
      -0.0
    ],
    "above": [
      0.0,
      0.0,
      1.0
    ]
  },
  "split": "shield-fovariant-5",
  "relationships": {
    "behind": [
      [],
      [
        0,
        2,
        4,
        6,
        8,
        10
      ],
      [
        0
      ],
      [
        0,
        2,
        4,
        6,
        8,
        10
      ],
      [
        0
      ],
      [
        0,
        1,
        2,
        4,
        6,
        8,
        10
      ],
      [
        0
      ],
      [
        0,
        1,
        2,
        3,
        4,
        6,
        8,
        10
      ],
      [
        0
      ],
      [
        0,
        1,
        2,
        3,
        4,
        5,
        6,
        8,
        10
      ],
      [
        0,
        2,
        4
      ],
      [
        0,
        1,
        2,
        3,
        4,
        6,
        8,
        10
      ]
    ],
    "left": [
      [],
      [
        0
      ],
      [
        0,
        1
      ],
      [
        0,
        1,
        2
      ],
      [
        0,
        1,
        2,
        3
      ],
      [
        0,
        1,
        2,
        3,
        4
      ],
      [
        0,
        1,
        2,
        3,
        4,
        5
      ],
      [
        0,
        1,
        2,
        3,
        4,
        5,
        6
      ],
      [
        0,
        1,
        2,
        3,
        4,
        5,
        6,
        7
      ],
      [
        0,
        1,
        2,
        3,
        4,
        5,
        6,
        7,
        8
      ],
      [
        0,
        1,
        2,
        3,
        4,
        5,
        6,
        7,
        8,
        9
      ],
      [
        0,
        1,
        2,
        3,
        4,
        5,
        6,
        7,
        8,
        9,
        10
      ]
    ],
    "front": [
      [
        1,
        2,
        3,
        4,
        5,
        6,
        7,
        8,
        9,
        10,
        11
      ],
      [
        5,
        7,
        9,
        11
      ],
      [
        1,
        3,
        5,
        7,
        9,
        10,
        11
      ],
      [
        7,
        9,
        11
      ],
      [
        1,
        3,
        5,
        7,
        9,
        10,
        11
      ],
      [
        9
      ],
      [
        1,
        3,
        5,
        7,
        9,
        11
      ],
      [],
      [
        1,
        3,
        5,
        7,
        9,
        11
      ],
      [],
      [
        1,
        3,
        5,
        7,
        9,
        11
      ],
      []
    ],
    "right": [
      [
        1,
        2,
        3,
        4,
        5,
        6,
        7,
        8,
        9,
        10,
        11
      ],
      [
        2,
        3,
        4,
        5,
        6,
        7,
        8,
        9,
        10,
        11
      ],
      [
        3,
        4,
        5,
        6,
        7,
        8,
        9,
        10,
        11
      ],
      [
        4,
        5,
        6,
        7,
        8,
        9,
        10,
        11
      ],
      [
        5,
        6,
        7,
        8,
        9,
        10,
        11
      ],
      [
        6,
        7,
        8,
        9,
        10,
        11
      ],
      [
        7,
        8,
        9,
        10,
        11
      ],
      [
        8,
        9,
        10,
        11
      ],
      [
        9,
        10,
        11
      ],
      [
        10,
        11
      ],
      [
        11
      ],
      []
    ]
  },
  "image_index": 3,
  "image_filename": "CLEVR_shield-fovariant-5_000003.png",
  "objects": [
    {
      "3d_coords": [
        -2.8399999141693115,
        -2.950000047683716,
        0.3499999940395355
      ],
      "pixel_coords": [
        50,
        141,
        11.279579162597656
      ],
      "shape": "cube",
      "size": "small",
      "color": "gray",
      "rotation": 0.0,
      "material": "metal"
    },
    {
      "3d_coords": [
        -1.8300000429153442,
        -2.950000047683716,
        0.3499999940395355
      ],
      "pixel_coords": [
        70,
        158,
        10.608757972717285
      ],
      "shape": "cylinder",
      "size": "small",
      "color": "cyan",
      "rotation": 0.0,
      "material": "rubber"
    },
    {
      "3d_coords": [
        -1.7699999809265137,
        -2.0399999618530273,
        0.3499999940395355
      ],
      "pixel_coords": [
        112,
        145,
        11.094661712646484
      ],
      "shape": "cube",
      "size": "small",
      "color": "gray",
      "rotation": 0.0,
      "material": "metal"
    },
    {
      "3d_coords": [
        -0.8700000047683716,
        -2.0199999809265137,
        0.3499999940395355
      ],
      "pixel_coords": [
        135,
        160,
        10.508455276489258
      ],
      "shape": "cylinder",
      "size": "small",
      "color": "cyan",
      "rotation": 0.0,
      "material": "rubber"
    },
    {
      "3d_coords": [
        -0.7799999713897705,
        -1.0199999809265137,
        0.3499999940395355
      ],
      "pixel_coords": [
        179,
        147,
        11.0264310836792
      ],
      "shape": "cube",
      "size": "small",
      "color": "gray",
      "rotation": 0.0,
      "material": "metal"
    },
    {
      "3d_coords": [
        0.18000000715255737,
        -1.0099999904632568,
        0.3499999940395355
      ],
      "pixel_coords": [
        207,
        164,
        10.394597053527832
      ],
      "shape": "cylinder",
      "size": "small",
      "color": "cyan",
      "rotation": 0.0,
      "material": "rubber"
    },
    {
      "3d_coords": [
        0.12999999523162842,
        -0.07000000029802322,
        0.3499999940395355
      ],
      "pixel_coords": [
        242,
        149,
        10.970892906188965
      ],
      "shape": "cube",
      "size": "small",
      "color": "blue",
      "rotation": 0.0,
      "material": "metal"
    },
    {
      "3d_coords": [
        1.149999976158142,
        -0.07000000029802322,
        0.3499999940395355
      ],
      "pixel_coords": [
        276,
        166,
        10.293429374694824
      ],
      "shape": "cylinder",
      "size": "small",
      "color": "cyan",
      "rotation": 0.0,
      "material": "rubber"
    },
    {
      "3d_coords": [
        1.1200000047683716,
        0.9900000095367432,
        0.3499999940395355
      ],
      "pixel_coords": [
        311,
        150,
        10.925772666931152
      ],
      "shape": "cube",
      "size": "small",
      "color": "blue",
      "rotation": 0.0,
      "material": "metal"
    },
    {
      "3d_coords": [
        2.2100000381469727,
        0.9399999976158142,
        0.3499999940395355
      ],
      "pixel_coords": [
        351,
        170,
        10.172929763793945
      ],
      "shape": "cylinder",
      "size": "small",
      "color": "cyan",
      "rotation": 0.0,
      "material": "rubber"
    },
    {
      "3d_coords": [
        2.140000104904175,
        1.9800000190734863,
        0.3499999940395355
      ],
      "pixel_coords": [
        381,
        152,
        10.820283889770508
      ],
      "shape": "cube",
      "size": "small",
      "color": "blue",
      "rotation": 0.0,
      "material": "metal"
    },
    {
      "3d_coords": [
        2.950000047683716,
        1.899999976158142,
        0.3499999940395355
      ],
      "pixel_coords": [
        413,
        168,
        10.236078262329102
      ],
      "shape": "cylinder",
      "size": "small",
      "color": "cyan",